candidate_cell_id,route_id,d,g,status,security_count,component_count,event_count,error,state_line,W,candidate_role,objective_values,hard_gate_status,warning_count,complexity,baseline_distance,pareto_status,decision_unit
r2_s_pct_w120_q20_shared__d1__g0,r2_s_pct_w120_q20_shared,1,0,completed,800,5525,5525,,S_PCT,120,strict_core_reference,"{""qualified_event_count"":5525.0,""retained_confirmed_day_ratio"":1.0,""bridged_day_ratio"":0.0,""merge_ratio"":0.0,""open_event_ratio"":0.0,""duration_q95_ratio"":1.0,""component_qualification_rate"":1.0,""qualification_delay_observations_q90"":0.0,""atomic_fragment_rate"":0.4546606334841629,""confirmed_density"":1.0,""mega_zone_concentration"":0.049615261301699264,""max_single_gap"":0.0}",passed,0,1,1,dominated,S_PCT×W120
r2_s_pct_w120_q20_shared__d1__g1,r2_s_pct_w120_q20_shared,1,1,completed,800,5525,5268,,S_PCT,120,strict_core_reference,"{""qualified_event_count"":5268.0,""retained_confirmed_day_ratio"":1.0,""bridged_day_ratio"":0.0194006190080773,""merge_ratio"":0.04726651480637813,""open_event_ratio"":0.0,""duration_q95_ratio"":1.1666666666666667,""component_qualification_rate"":1.0,""qualification_delay_observations_q90"":0.0,""atomic_fragment_rate"":0.4546606334841629,""confirmed_density"":0.9417981429757681,""mega_zone_concentration"":0.0548048614780705,""max_single_gap"":1.0}",passed,0,1,2,dominated,S_PCT×W120
r2_s_pct_w120_q20_shared__d1__g2,r2_s_pct_w120_q20_shared,1,2,completed,800,5525,5131,,S_PCT,120,strict_core_reference,"{""qualified_event_count"":5131.0,""retained_confirmed_day_ratio"":1.0,""bridged_day_ratio"":0.03840867992766727,""merge_ratio"":0.07133112453712727,""open_event_ratio"":0.0,""duration_q95_ratio"":1.3333333333333333,""component_qualification_rate"":1.0,""qualification_delay_observations_q90"":0.0,""atomic_fragment_rate"":0.4546606334841629,""confirmed_density"":0.9024231464737794,""mega_zone_concentration"":0.058010849909584085,""max_single_gap"":2.0}",passed,0,1,3,dominated,S_PCT×W120
r2_s_pct_w120_q20_shared__d2__g0,r2_s_pct_w120_q20_shared,2,0,completed,800,5525,3013,,S_PCT,120,strict_core_reference,"{""qualified_event_count"":3013.0,""retained_confirmed_day_ratio"":0.7986534145559474,""bridged_day_ratio"":0.0,""merge_ratio"":0.0,""open_event_ratio"":0.0,""duration_q95_ratio"":1.1666666666666667,""component_qualification_rate"":0.5454380883417813,""qualification_delay_observations_q90"":1.0,""atomic_fragment_rate"":0.4546606334841629,""confirmed_density"":1.0,""mega_zone_concentration"":0.03853873946206343,""max_single_gap"":0.0}",passed,0,1,2,non_dominated,S_PCT×W120
r2_s_pct_w120_q20_shared__d2__g1,r2_s_pct_w120_q20_shared,2,1,completed,800,5525,2916,,S_PCT,120,strict_core_reference,"{""qualified_event_count"":2916.0,""retained_confirmed_day_ratio"":0.7986534145559474,""bridged_day_ratio"":0.00945880058508045,""merge_ratio"":0.03292181069958848,""open_event_ratio"":0.0,""duration_q95_ratio"":1.3333333333333333,""component_qualification_rate"":0.5454380883417813,""qualification_delay_observations_q90"":1.0,""atomic_fragment_rate"":0.4546606334841629,""confirmed_density"":0.9716235982447586,""mega_zone_concentration"":0.04134568503169186,""max_single_gap"":1.0}",passed,0,1,3,dominated,S_PCT×W120
r2_s_pct_w120_q20_shared__d2__g2,r2_s_pct_w120_q20_shared,2,2,completed,800,5525,2868,,S_PCT,120,strict_core_reference,"{""qualified_event_count"":2868.0,""retained_confirmed_day_ratio"":0.7986534145559474,""bridged_day_ratio"":0.018451242829827914,""merge_ratio"":0.04881450488145049,""open_event_ratio"":0.0,""duration_q95_ratio"":1.5,""component_qualification_rate"":0.5454380883417813,""qualification_delay_observations_q90"":1.0,""atomic_fragment_rate"":0.4546606334841629,""confirmed_density"":0.9525812619502868,""mega_zone_concentration"":0.04378585086042065,""max_single_gap"":2.0}",passed,0,1,4,dominated,S_PCT×W120
r2_s_pct_w120_q20_shared__d3__g0,r2_s_pct_w120_q20_shared,3,0,completed,800,5525,1682,,S_PCT,120,strict_core_reference,"{""qualified_event_count"":1682.0,""retained_confirmed_day_ratio"":0.5852837447899968,""bridged_day_ratio"":0.0,""merge_ratio"":0.0,""open_event_ratio"":0.0,""duration_q95_ratio"":1.3333333333333333,""component_qualification_rate"":0.3045446315408293,""qualification_delay_observations_q90"":2.0,""atomic_fragment_rate"":0.4546606334841629,""confirmed_density"":1.0,""mega_zone_concentration"":0.03177211722815667,""max_single_gap"":0.0}",passed,0,1,3,non_dominated,S_PCT×W120
r2_s_pct_w120_q20_shared__d3__g1,r2_s_pct_w120_q20_shared,3,1,completed,800,5525,1641,,S_PCT,120,strict_core_reference,"{""qualified_event_count"":1641.0,""retained_confirmed_day_ratio"":0.5852837447899968,""bridged_day_ratio"":0.005521885521885522,""merge_ratio"":0.024984765386959172,""open_event_ratio"":0.0,""duration_q95_ratio"":1.5,""component_qualification_rate"":0.3045446315408293,""qualification_delay_observations_q90"":2.0,""atomic_fragment_rate"":0.4546606334841629,""confirmed_density"":0.9834343434343434,""mega_zone_concentration"":0.0338047138047138,""max_single_gap"":1.0}",passed,0,1,4,dominated,S_PCT×W120
r2_s_pct_w120_q20_shared__d3__g2,r2_s_pct_w120_q20_shared,3,2,completed,800,5525,1628,,S_PCT,120,strict_core_reference,"{""qualified_event_count"":1628.0,""retained_confirmed_day_ratio"":0.5852837447899968,""bridged_day_ratio"":0.008956021922202915,""merge_ratio"":0.032555282555282554,""open_event_ratio"":0.0,""duration_q95_ratio"":1.6666666666666667,""component_qualification_rate"":0.3045446315408293,""qualification_delay_observations_q90"":2.0,""atomic_fragment_rate"":0.4546606334841629,""confirmed_density"":0.9760727175511296,""mega_zone_concentration"":0.03595775965779976,""max_single_gap"":2.0}",passed,0,1,5,dominated,S_PCT×W120
r2_s_pct_w120_qt25_primary__d1__g0,r2_s_pct_w120_qt25_primary,1,0,completed,800,7671,7671,,S_PCT,120,primary,"{""qualified_event_count"":7671.0,""retained_confirmed_day_ratio"":1.0,""bridged_day_ratio"":0.0,""merge_ratio"":0.0,""open_event_ratio"":0.0,""duration_q95_ratio"":1.0,""component_qualification_rate"":1.0,""qualification_delay_observations_q90"":0.0,""atomic_fragment_rate"":0.38300091252770174,""confirmed_density"":1.0,""mega_zone_concentration"":0.04947738595291589,""max_single_gap"":0.0}",passed,4,2,1,non_dominated,S_PCT×W120
r2_s_pct_w120_qt25_primary__d1__g1,r2_s_pct_w120_qt25_primary,1,1,completed,800,7671,7236,,S_PCT,120,primary,"{""qualified_event_count"":7236.0,""retained_confirmed_day_ratio"":1.0,""bridged_day_ratio"":0.019973368841544607,""merge_ratio"":0.0562465450525152,""open_event_ratio"":0.0,""duration_q95_ratio"":1.2857142857142858,""component_qualification_rate"":1.0,""qualification_delay_observations_q90"":0.0,""atomic_fragment_rate"":0.38300091252770174,""confirmed_density"":0.9400798934753661,""mega_zone_concentration"":0.05349189586298728,""max_single_gap"":1.0}",passed,4,2,2,dominated,S_PCT×W120
r2_s_pct_w120_qt25_primary__d1__g2,r2_s_pct_w120_qt25_primary,1,2,completed,800,7671,6997,,S_PCT,120,primary,"{""qualified_event_count"":6997.0,""retained_confirmed_day_ratio"":1.0,""bridged_day_ratio"":0.04007198033707865,""merge_ratio"":0.08732313848792339,""open_event_ratio"":0.0,""duration_q95_ratio"":1.4285714285714286,""component_qualification_rate"":1.0,""qualification_delay_observations_q90"":0.0,""atomic_fragment_rate"":0.38300091252770174,""confirmed_density"":0.8986130617977528,""mega_zone_concentration"":0.0547313904494382,""max_single_gap"":2.0}",passed,4,2,3,dominated,S_PCT×W120
r2_s_pct_w120_qt25_primary__d2__g0,r2_s_pct_w120_qt25_primary,2,0,completed,800,7671,4733,,S_PCT,120,primary,"{""qualified_event_count"":4733.0,""retained_confirmed_day_ratio"":0.8565009280062519,""bridged_day_ratio"":0.0,""merge_ratio"":0.0,""open_event_ratio"":0.0,""duration_q95_ratio"":1.1428571428571428,""component_qualification_rate"":0.6172404799165363,""qualification_delay_observations_q90"":1.0,""atomic_fragment_rate"":0.38300091252770174,""confirmed_density"":1.0,""mega_zone_concentration"":0.038720346715328466,""max_single_gap"":0.0}",passed,4,2,2,non_dominated,S_PCT×W120
r2_s_pct_w120_qt25_primary__d2__g1,r2_s_pct_w120_qt25_primary,2,1,completed,800,7671,4561,,S_PCT,120,primary,"{""qualified_event_count"":4561.0,""retained_confirmed_day_ratio"":0.8565009280062519,""bridged_day_ratio"":0.009528030135165079,""merge_ratio"":0.03683402762552072,""open_event_ratio"":0.0,""duration_q95_ratio"":1.2857142857142858,""component_qualification_rate"":0.6172404799165363,""qualification_delay_observations_q90"":1.0,""atomic_fragment_rate"":0.38300091252770174,""confirmed_density"":0.9714159095945047,""mega_zone_concentration"":0.04221138931974296,""max_single_gap"":1.0}",passed,4,2,3,dominated,S_PCT×W120
r2_s_pct_w120_qt25_primary__d2__g2,r2_s_pct_w120_qt25_primary,2,2,completed,800,7671,4472,,S_PCT,120,primary,"{""qualified_event_count"":4472.0,""retained_confirmed_day_ratio"":0.8565009280062519,""bridged_day_ratio"":0.01900005428586939,""merge_ratio"":0.05635062611806798,""open_event_ratio"":0.0,""duration_q95_ratio"":1.4285714285714286,""component_qualification_rate"":0.6172404799165363,""qualification_delay_observations_q90"":1.0,""atomic_fragment_rate"":0.38300091252770174,""confirmed_density"":0.9519570055914446,""mega_zone_concentration"":0.04424298355138157,""max_single_gap"":2.0}",passed,4,2,4,dominated,S_PCT×W120
r2_s_pct_w120_qt25_primary__d3__g0,r2_s_pct_w120_qt25_primary,3,0,completed,800,7671,2961,,S_PCT,120,primary,"{""qualified_event_count"":2961.0,""retained_confirmed_day_ratio"":0.6834033408225066,""bridged_day_ratio"":0.0,""merge_ratio"":0.0,""open_event_ratio"":0.0,""duration_q95_ratio"":1.2857142857142858,""component_qualification_rate"":0.38615023474178406,""qualification_delay_observations_q90"":2.0,""atomic_fragment_rate"":0.38300091252770174,""confirmed_density"":1.0,""mega_zone_concentration"":0.03230417381360778,""max_single_gap"":0.0}",passed,4,2,3,non_dominated,S_PCT×W120
r2_s_pct_w120_qt25_primary__d3__g1,r2_s_pct_w120_qt25_primary,3,1,completed,800,7671,2874,,S_PCT,120,primary,"{""qualified_event_count"":2874.0,""retained_confirmed_day_ratio"":0.6834033408225066,""bridged_day_ratio"":0.006103978109871606,""merge_ratio"":0.029575504523312455,""open_event_ratio"":0.0,""duration_q95_ratio"":1.5714285714285714,""component_qualification_rate"":0.38615023474178406,""qualification_delay_observations_q90"":2.0,""atomic_fragment_rate"":0.38300091252770174,""confirmed_density"":0.9816880656703851,""mega_zone_concentration"":0.035150494632708904,""max_single_gap"":1.0}",passed,4,2,4,dominated,S_PCT×W120
r2_s_pct_w120_qt25_primary__d3__g2,r2_s_pct_w120_qt25_primary,3,2,completed,800,7671,2831,,S_PCT,120,primary,"{""qualified_event_count"":2831.0,""retained_confirmed_day_ratio"":0.6834033408225066,""bridged_day_ratio"":0.01198475926567371,""merge_ratio"":0.04486047333097845,""open_event_ratio"":0.0,""duration_q95_ratio"":1.5714285714285714,""component_qualification_rate"":0.38615023474178406,""qualification_delay_observations_q90"":2.0,""atomic_fragment_rate"":0.38300091252770174,""confirmed_density"":0.9693107031520609,""mega_zone_concentration"":0.037062694838933145,""max_single_gap"":2.0}",passed,4,2,5,dominated,S_PCT×W120
r2_s_pct_w250_q20_shared__d1__g0,r2_s_pct_w250_q20_shared,1,0,completed,800,4883,4883,,S_PCT,250,strict_core_reference,"{""qualified_event_count"":4883.0,""retained_confirmed_day_ratio"":1.0,""bridged_day_ratio"":0.0,""merge_ratio"":0.0,""open_event_ratio"":0.0,""duration_q95_ratio"":1.0,""component_qualification_rate"":1.0,""qualification_delay_observations_q90"":0.0,""atomic_fragment_rate"":0.4605775138234692,""confirmed_density"":1.0,""mega_zone_concentration"":0.047268036487607114,""max_single_gap"":0.0}",passed,0,1,1,non_dominated,S_PCT×W250
r2_s_pct_w250_q20_shared__d1__g1,r2_s_pct_w250_q20_shared,1,1,completed,800,4883,4689,,S_PCT,250,strict_core_reference,"{""qualified_event_count"":4689.0,""retained_confirmed_day_ratio"":1.0,""bridged_day_ratio"":0.016965456930476606,""merge_ratio"":0.03860098101940712,""open_event_ratio"":0.0,""duration_q95_ratio"":1.1666666666666667,""component_qualification_rate"":1.0,""qualification_delay_observations_q90"":0.0,""atomic_fragment_rate"":0.4605775138234692,""confirmed_density"":0.9491036292085702,""mega_zone_concentration"":0.053957149103629205,""max_single_gap"":1.0}",passed,0,1,2,dominated,S_PCT×W250
r2_s_pct_w250_q20_shared__d1__g2,r2_s_pct_w250_q20_shared,1,2,completed,800,4883,4556,,S_PCT,250,strict_core_reference,"{""qualified_event_count"":4556.0,""retained_confirmed_day_ratio"":1.0,""bridged_day_ratio"":0.03834931221342226,""merge_ratio"":0.06628621597892889,""open_event_ratio"":0.0,""duration_q95_ratio"":1.3333333333333333,""component_qualification_rate"":1.0,""qualification_delay_observations_q90"":0.0,""atomic_fragment_rate"":0.4605775138234692,""confirmed_density"":0.9047936640266778,""mega_zone_concentration"":0.05844101709045436,""max_single_gap"":2.0}",passed,0,1,3,dominated,S_PCT×W250
r2_s_pct_w250_q20_shared__d2__g0,r2_s_pct_w250_q20_shared,2,0,completed,800,4883,2634,,S_PCT,250,strict_core_reference,"{""qualified_event_count"":2634.0,""retained_confirmed_day_ratio"":0.7927761909149544,""bridged_day_ratio"":0.0,""merge_ratio"":0.0,""open_event_ratio"":0.0,""duration_q95_ratio"":1.1666666666666667,""component_qualification_rate"":0.5395329782875871,""qualification_delay_observations_q90"":1.0,""atomic_fragment_rate"":0.4605775138234692,""confirmed_density"":1.0,""mega_zone_concentration"":0.036378428637842866,""max_single_gap"":0.0}",passed,0,1,2,non_dominated,S_PCT×W250
r2_s_pct_w250_q20_shared__d2__g1,r2_s_pct_w250_q20_shared,2,1,completed,800,4883,2572,,S_PCT,250,strict_core_reference,"{""qualified_event_count"":2572.0,""retained_confirmed_day_ratio"":0.7927761909149544,""bridged_day_ratio"":0.007053469852104664,""merge_ratio"":0.02332814930015552,""open_event_ratio"":0.0,""duration_q95_ratio"":1.3333333333333333,""component_qualification_rate"":0.5395329782875871,""qualification_delay_observations_q90"":1.0,""atomic_fragment_rate"":0.4605775138234692,""confirmed_density"":0.978839590443686,""mega_zone_concentration"":0.040386803185438,""max_single_gap"":1.0}",passed,0,1,3,dominated,S_PCT×W250
r2_s_pct_w250_q20_shared__d2__g2,r2_s_pct_w250_q20_shared,2,2,completed,800,4883,2525,,S_PCT,250,strict_core_reference,"{""qualified_event_count"":2525.0,""retained_confirmed_day_ratio"":0.7927761909149544,""bridged_day_ratio"":0.01736033830402849,""merge_ratio"":0.040792079207920794,""open_event_ratio"":0.0,""duration_q95_ratio"":1.3333333333333333,""component_qualification_rate"":0.5395329782875871,""qualification_delay_observations_q90"":1.0,""atomic_fragment_rate"":0.4605775138234692,""confirmed_density"":0.9574894279991097,""mega_zone_concentration"":0.045292677498330734,""max_single_gap"":2.0}",passed,0,1,4,dominated,S_PCT×W250
r2_s_pct_w250_q20_shared__d3__g0,r2_s_pct_w250_q20_shared,3,0,completed,800,4883,1442,,S_PCT,250,strict_core_reference,"{""qualified_event_count"":1442.0,""retained_confirmed_day_ratio"":0.5731134248594859,""bridged_day_ratio"":0.0,""merge_ratio"":0.0,""open_event_ratio"":0.0,""duration_q95_ratio"":1.3333333333333333,""component_qualification_rate"":0.29537074969274885,""qualification_delay_observations_q90"":2.0,""atomic_fragment_rate"":0.4605775138234692,""confirmed_density"":1.0,""mega_zone_concentration"":0.030385852090032153,""max_single_gap"":0.0}",passed,0,1,3,non_dominated,S_PCT×W250
r2_s_pct_w250_q20_shared__d3__g1,r2_s_pct_w250_q20_shared,3,1,completed,800,4883,1420,,S_PCT,250,strict_core_reference,"{""qualified_event_count"":1420.0,""retained_confirmed_day_ratio"":0.5731134248594859,""bridged_day_ratio"":0.0034998409163219855,""merge_ratio"":0.015492957746478873,""open_event_ratio"":0.0,""duration_q95_ratio"":1.5,""component_qualification_rate"":0.29537074969274885,""qualification_delay_observations_q90"":2.0,""atomic_fragment_rate"":0.4605775138234692,""confirmed_density"":0.9895004772510341,""mega_zone_concentration"":0.033884823417117405,""max_single_gap"":1.0}",passed,0,1,4,dominated,S_PCT×W250
r2_s_pct_w250_q20_shared__d3__g2,r2_s_pct_w250_q20_shared,3,2,completed,800,4883,1403,,S_PCT,250,strict_core_reference,"{""qualified_event_count"":1403.0,""retained_confirmed_day_ratio"":0.5731134248594859,""bridged_day_ratio"":0.008811959087332809,""merge_ratio"":0.027797576621525304,""open_event_ratio"":0.0,""duration_q95_ratio"":1.5,""component_qualification_rate"":0.29537074969274885,""qualification_delay_observations_q90"":2.0,""atomic_fragment_rate"":0.4605775138234692,""confirmed_density"":0.978756884343037,""mega_zone_concentration"":0.036349331235247834,""max_single_gap"":2.0}",passed,0,1,5,dominated,S_PCT×W250
r2_s_pct_w250_qt25_primary__d1__g0,r2_s_pct_w250_qt25_primary,1,0,completed,800,6957,6957,,S_PCT,250,primary,"{""qualified_event_count"":6957.0,""retained_confirmed_day_ratio"":1.0,""bridged_day_ratio"":0.0,""merge_ratio"":0.0,""open_event_ratio"":0.0,""duration_q95_ratio"":1.0,""component_qualification_rate"":1.0,""qualification_delay_observations_q90"":0.0,""atomic_fragment_rate"":0.37846773034353887,""confirmed_density"":1.0,""mega_zone_concentration"":0.04752810214995089,""max_single_gap"":0.0}",passed,4,2,1,non_dominated,S_PCT×W250
r2_s_pct_w250_qt25_primary__d1__g1,r2_s_pct_w250_qt25_primary,1,1,completed,800,6957,6556,,S_PCT,250,primary,"{""qualified_event_count"":6556.0,""retained_confirmed_day_ratio"":1.0,""bridged_day_ratio"":0.02053356546674177,""merge_ratio"":0.056894447834045146,""open_event_ratio"":0.0,""duration_q95_ratio"":1.1428571428571428,""component_qualification_rate"":1.0,""qualification_delay_observations_q90"":0.0,""atomic_fragment_rate"":0.37846773034353887,""confirmed_density"":0.9383993035997747,""mega_zone_concentration"":0.05340775257309642,""max_single_gap"":1.0}",passed,4,2,2,dominated,S_PCT×W250
r2_s_pct_w250_qt25_primary__d1__g2,r2_s_pct_w250_qt25_primary,1,2,completed,800,6957,6296,,S_PCT,250,primary,"{""qualified_event_count"":6296.0,""retained_confirmed_day_ratio"":1.0,""bridged_day_ratio"":0.04465021573665584,""merge_ratio"":0.09339263024142312,""open_event_ratio"":0.0,""duration_q95_ratio"":1.4285714285714286,""component_qualification_rate"":1.0,""qualification_delay_observations_q90"":0.0,""atomic_fragment_rate"":0.37846773034353887,""confirmed_density"":0.8884471808794299,""mega_zone_concentration"":0.05652785184466961,""max_single_gap"":2.0}",passed,4,2,3,dominated,S_PCT×W250
r2_s_pct_w250_qt25_primary__d2__g0,r2_s_pct_w250_qt25_primary,2,0,completed,800,6957,4324,,S_PCT,250,primary,"{""qualified_event_count"":4324.0,""retained_confirmed_day_ratio"":0.8563243479209866,""bridged_day_ratio"":0.0,""merge_ratio"":0.0,""open_event_ratio"":0.0,""duration_q95_ratio"":1.1428571428571428,""component_qualification_rate"":0.6216216216216216,""qualification_delay_observations_q90"":1.0,""atomic_fragment_rate"":0.37846773034353887,""confirmed_density"":1.0,""mega_zone_concentration"":0.03715032179952845,""max_single_gap"":0.0}",passed,4,2,2,non_dominated,S_PCT×W250
r2_s_pct_w250_qt25_primary__d2__g1,r2_s_pct_w250_qt25_primary,2,1,completed,800,6957,4163,,S_PCT,250,primary,"{""qualified_event_count"":4163.0,""retained_confirmed_day_ratio"":0.8563243479209866,""bridged_day_ratio"":0.00995301681503462,""merge_ratio"":0.03699255344703339,""open_event_ratio"":0.0,""duration_q95_ratio"":1.2857142857142858,""component_qualification_rate"":0.6216216216216216,""qualification_delay_observations_q90"":1.0,""atomic_fragment_rate"":0.37846773034353887,""confirmed_density"":0.9701409495548962,""mega_zone_concentration"":0.04228486646884273,""max_single_gap"":1.0}",passed,4,2,3,dominated,S_PCT×W250
r2_s_pct_w250_qt25_primary__d2__g2,r2_s_pct_w250_qt25_primary,2,2,completed,800,6957,4056,,S_PCT,250,primary,"{""qualified_event_count"":4056.0,""retained_confirmed_day_ratio"":0.8563243479209866,""bridged_day_ratio"":0.022546897546897548,""merge_ratio"":0.060650887573964495,""open_event_ratio"":0.0,""duration_q95_ratio"":1.5714285714285714,""component_qualification_rate"":0.6216216216216216,""qualification_delay_observations_q90"":1.0,""atomic_fragment_rate"":0.37846773034353887,""confirmed_density"":0.9435425685425686,""mega_zone_concentration"":0.04563492063492063,""max_single_gap"":2.0}",passed,4,2,4,dominated,S_PCT×W250
r2_s_pct_w250_qt25_primary__d3__g0,r2_s_pct_w250_qt25_primary,3,0,completed,800,6957,2642,,S_PCT,250,primary,"{""qualified_event_count"":2642.0,""retained_confirmed_day_ratio"":0.6727600130961475,""bridged_day_ratio"":0.0,""merge_ratio"":0.0,""open_event_ratio"":0.0,""duration_q95_ratio"":1.2857142857142858,""component_qualification_rate"":0.37981598619896495,""qualification_delay_observations_q90"":2.0,""atomic_fragment_rate"":0.37846773034353887,""confirmed_density"":1.0,""mega_zone_concentration"":0.03074053045664693,""max_single_gap"":0.0}",passed,4,2,3,non_dominated,S_PCT×W250
r2_s_pct_w250_qt25_primary__d3__g1,r2_s_pct_w250_qt25_primary,3,1,completed,800,6957,2574,,S_PCT,250,primary,"{""qualified_event_count"":2574.0,""retained_confirmed_day_ratio"":0.6727600130961475,""bridged_day_ratio"":0.005425676214792946,""merge_ratio"":0.025252525252525252,""open_event_ratio"":0.0,""duration_q95_ratio"":1.4285714285714286,""component_qualification_rate"":0.37981598619896495,""qualification_delay_observations_q90"":2.0,""atomic_fragment_rate"":0.37846773034353887,""confirmed_density"":0.9837229713556211,""mega_zone_concentration"":0.03566584217665363,""max_single_gap"":1.0}",passed,4,2,4,dominated,S_PCT×W250
r2_s_pct_w250_qt25_primary__d3__g2,r2_s_pct_w250_qt25_primary,3,2,completed,800,6957,2531,,S_PCT,250,primary,"{""qualified_event_count"":2531.0,""retained_confirmed_day_ratio"":0.6727600130961475,""bridged_day_ratio"":0.0121135845197829,""merge_ratio"":0.04148557882259976,""open_event_ratio"":0.0,""duration_q95_ratio"":1.5714285714285714,""component_qualification_rate"":0.37981598619896495,""qualification_delay_observations_q90"":2.0,""atomic_fragment_rate"":0.37846773034353887,""confirmed_density"":0.9697946983402816,""mega_zone_concentration"":0.038149925273342246,""max_single_gap"":2.0}",passed,4,2,5,dominated,S_PCT×W250
r2_s_pcvt_w120_q20_shared__d1__g0,r2_s_pcvt_w120_q20_shared,1,0,completed,800,1425,1425,,S_PCVT,120,strict_core_reference,"{""qualified_event_count"":1425.0,""retained_confirmed_day_ratio"":1.0,""bridged_day_ratio"":0.0,""merge_ratio"":0.0,""open_event_ratio"":0.0,""duration_q95_ratio"":1.0,""component_qualification_rate"":1.0,""qualification_delay_observations_q90"":0.0,""atomic_fragment_rate"":0.4975438596491228,""confirmed_density"":1.0,""mega_zone_concentration"":0.048315753657706705,""max_single_gap"":0.0}",passed,0,1,1,non_dominated,S_PCVT×W120
r2_s_pcvt_w120_q20_shared__d1__g1,r2_s_pcvt_w120_q20_shared,1,1,completed,800,1425,1381,,S_PCVT,120,strict_core_reference,"{""qualified_event_count"":1381.0,""retained_confirmed_day_ratio"":1.0,""bridged_day_ratio"":0.014327580592640833,""merge_ratio"":0.03186097031136857,""open_event_ratio"":0.0,""duration_q95_ratio"":1.2,""component_qualification_rate"":1.0,""qualification_delay_observations_q90"":0.0,""atomic_fragment_rate"":0.4975438596491228,""confirmed_density"":0.9570172582220775,""mega_zone_concentration"":0.052425919895799415,""max_single_gap"":1.0}",passed,0,1,2,dominated,S_PCVT×W120
r2_s_pcvt_w120_q20_shared__d1__g2,r2_s_pcvt_w120_q20_shared,1,2,completed,800,1425,1355,,S_PCVT,120,strict_core_reference,"{""qualified_event_count"":1355.0,""retained_confirmed_day_ratio"":1.0,""bridged_day_ratio"":0.03018867924528302,""merge_ratio"":0.05092250922509225,""open_event_ratio"":0.0,""duration_q95_ratio"":1.2,""component_qualification_rate"":1.0,""qualification_delay_observations_q90"":0.0,""atomic_fragment_rate"":0.4975438596491228,""confirmed_density"":0.9242138364779874,""mega_zone_concentration"":0.055345911949685536,""max_single_gap"":2.0}",passed,0,1,3,dominated,S_PCVT×W120
r2_s_pcvt_w120_q20_shared__d2__g0,r2_s_pcvt_w120_q20_shared,2,0,completed,800,1425,716,,S_PCVT,120,strict_core_reference,"{""qualified_event_count"":716.0,""retained_confirmed_day_ratio"":0.7587614834977884,""bridged_day_ratio"":0.0,""merge_ratio"":0.0,""open_event_ratio"":0.0,""duration_q95_ratio"":1.2,""component_qualification_rate"":0.5024561403508772,""qualification_delay_observations_q90"":1.0,""atomic_fragment_rate"":0.4975438596491228,""confirmed_density"":1.0,""mega_zone_concentration"":0.037219730941704034,""max_single_gap"":0.0}",passed,0,1,2,non_dominated,S_PCVT×W120
r2_s_pcvt_w120_q20_shared__d2__g1,r2_s_pcvt_w120_q20_shared,2,1,completed,800,1425,705,,S_PCVT,120,strict_core_reference,"{""qualified_event_count"":705.0,""retained_confirmed_day_ratio"":0.7587614834977884,""bridged_day_ratio"":0.004860804242156429,""merge_ratio"":0.015602836879432624,""open_event_ratio"":0.0,""duration_q95_ratio"":1.4,""component_qualification_rate"":0.5024561403508772,""qualification_delay_observations_q90"":1.0,""atomic_fragment_rate"":0.4975438596491228,""confirmed_density"":0.9854175872735307,""mega_zone_concentration"":0.040653999116217414,""max_single_gap"":1.0}",passed,0,1,3,dominated,S_PCVT×W120
r2_s_pcvt_w120_q20_shared__d2__g2,r2_s_pcvt_w120_q20_shared,2,2,completed,800,1425,698,,S_PCVT,120,strict_core_reference,"{""qualified_event_count"":698.0,""retained_confirmed_day_ratio"":0.7587614834977884,""bridged_day_ratio"":0.010897994768962511,""merge_ratio"":0.025787965616045846,""open_event_ratio"":0.0,""duration_q95_ratio"":1.4,""component_qualification_rate"":0.5024561403508772,""qualification_delay_observations_q90"":1.0,""atomic_fragment_rate"":0.4975438596491228,""confirmed_density"":0.972101133391456,""mega_zone_concentration"":0.03879686137750654,""max_single_gap"":2.0}",passed,0,1,4,dominated,S_PCVT×W120
r2_s_pcvt_w120_q20_shared__d3__g0,r2_s_pcvt_w120_q20_shared,3,0,completed,800,1425,382,,S_PCVT,120,strict_core_reference,"{""qualified_event_count"":382.0,""retained_confirmed_day_ratio"":0.5314732902347737,""bridged_day_ratio"":0.0,""merge_ratio"":0.0,""open_event_ratio"":0.0,""duration_q95_ratio"":1.4,""component_qualification_rate"":0.2680701754385965,""qualification_delay_observations_q90"":2.0,""atomic_fragment_rate"":0.4975438596491228,""confirmed_density"":1.0,""mega_zone_concentration"":0.029449423815621,""max_single_gap"":0.0}",passed,0,1,3,non_dominated,S_PCVT×W120
r2_s_pcvt_w120_q20_shared__d3__g1,r2_s_pcvt_w120_q20_shared,3,1,completed,800,1425,378,,S_PCVT,120,strict_core_reference,"{""qualified_event_count"":378.0,""retained_confirmed_day_ratio"":0.5314732902347737,""bridged_day_ratio"":0.0025412960609911056,""merge_ratio"":0.010582010582010581,""open_event_ratio"":0.0,""duration_q95_ratio"":1.6,""component_qualification_rate"":0.2680701754385965,""qualification_delay_observations_q90"":2.0,""atomic_fragment_rate"":0.4975438596491228,""confirmed_density"":0.9923761118170267,""mega_zone_concentration"":0.03176620076238882,""max_single_gap"":1.0}",passed,0,1,4,dominated,S_PCVT×W120
r2_s_pcvt_w120_q20_shared__d3__g2,r2_s_pcvt_w120_q20_shared,3,2,completed,800,1425,376,,S_PCVT,120,strict_core_reference,"{""qualified_event_count"":376.0,""retained_confirmed_day_ratio"":0.5314732902347737,""bridged_day_ratio"":0.0050568900126422255,""merge_ratio"":0.015957446808510637,""open_event_ratio"":0.0,""duration_q95_ratio"":1.6,""component_qualification_rate"":0.2680701754385965,""qualification_delay_observations_q90"":2.0,""atomic_fragment_rate"":0.4975438596491228,""confirmed_density"":0.9873577749683944,""mega_zone_concentration"":0.0347661188369153,""max_single_gap"":2.0}",passed,0,1,5,dominated,S_PCVT×W120
r2_s_pcvt_w120_qv30_primary__d1__g0,r2_s_pcvt_w120_qv30_primary,1,0,completed,800,2177,2177,,S_PCVT,120,primary,"{""qualified_event_count"":2177.0,""retained_confirmed_day_ratio"":1.0,""bridged_day_ratio"":0.0,""merge_ratio"":0.0,""open_event_ratio"":0.0,""duration_q95_ratio"":1.0,""component_qualification_rate"":1.0,""qualification_delay_observations_q90"":0.0,""atomic_fragment_rate"":0.49104271933853927,""confirmed_density"":1.0,""mega_zone_concentration"":0.04951796669588081,""max_single_gap"":0.0}",passed,5,2,1,non_dominated,S_PCVT×W120
r2_s_pcvt_w120_qv30_primary__d1__g1,r2_s_pcvt_w120_qv30_primary,1,1,completed,800,2177,2102,,S_PCVT,120,primary,"{""qualified_event_count"":2102.0,""retained_confirmed_day_ratio"":1.0,""bridged_day_ratio"":0.015660889538525787,""merge_ratio"":0.03377735490009515,""open_event_ratio"":0.0,""duration_q95_ratio"":1.2,""component_qualification_rate"":1.0,""qualification_delay_observations_q90"":0.0,""atomic_fragment_rate"":0.49104271933853927,""confirmed_density"":0.9530173313844227,""mega_zone_concentration"":0.05804969722280225,""max_single_gap"":1.0}",passed,5,2,2,dominated,S_PCVT×W120
r2_s_pcvt_w120_qv30_primary__d1__g2,r2_s_pcvt_w120_qv30_primary,1,2,completed,800,2177,2054,,S_PCVT,120,primary,"{""qualified_event_count"":2054.0,""retained_confirmed_day_ratio"":1.0,""bridged_day_ratio"":0.034254807692307696,""merge_ratio"":0.05598831548198637,""open_event_ratio"":0.0,""duration_q95_ratio"":1.4,""component_qualification_rate"":1.0,""qualification_delay_observations_q90"":0.0,""atomic_fragment_rate"":0.49104271933853927,""confirmed_density"":0.9142628205128205,""mega_zone_concentration"":0.059895833333333336,""max_single_gap"":2.0}",passed,5,2,3,dominated,S_PCVT×W120
r2_s_pcvt_w120_qv30_primary__d2__g0,r2_s_pcvt_w120_qv30_primary,2,0,completed,800,2177,1108,,S_PCVT,120,primary,"{""qualified_event_count"":1108.0,""retained_confirmed_day_ratio"":0.7657756354075372,""bridged_day_ratio"":0.0,""merge_ratio"":0.0,""open_event_ratio"":0.0,""duration_q95_ratio"":1.2,""component_qualification_rate"":0.5091911764705882,""qualification_delay_observations_q90"":1.0,""atomic_fragment_rate"":0.49104271933853927,""confirmed_density"":1.0,""mega_zone_concentration"":0.03891273247496423,""max_single_gap"":0.0}",passed,5,2,2,non_dominated,S_PCVT×W120
r2_s_pcvt_w120_qv30_primary__d2__g1,r2_s_pcvt_w120_qv30_primary,2,1,completed,800,2177,1086,,S_PCVT,120,primary,"{""qualified_event_count"":1086.0,""retained_confirmed_day_ratio"":0.7657756354075372,""bridged_day_ratio"":0.006178039876439202,""merge_ratio"":0.019337016574585635,""open_event_ratio"":0.0,""duration_q95_ratio"":1.4,""component_qualification_rate"":0.5091911764705882,""qualification_delay_observations_q90"":1.0,""atomic_fragment_rate"":0.49104271933853927,""confirmed_density"":0.9814658803706824,""mega_zone_concentration"":0.039595619208087615,""max_single_gap"":1.0}",passed,5,2,3,dominated,S_PCVT×W120
r2_s_pcvt_w120_qv30_primary__d2__g2,r2_s_pcvt_w120_qv30_primary,2,2,completed,800,2177,1074,,S_PCVT,120,primary,"{""qualified_event_count"":1074.0,""retained_confirmed_day_ratio"":0.7657756354075372,""bridged_day_ratio"":0.012728278915329275,""merge_ratio"":0.0297951582867784,""open_event_ratio"":0.0,""duration_q95_ratio"":1.6,""component_qualification_rate"":0.5091911764705882,""qualification_delay_observations_q90"":1.0,""atomic_fragment_rate"":0.49104271933853927,""confirmed_density"":0.9670724958494743,""mega_zone_concentration"":0.043718871057000556,""max_single_gap"":2.0}",passed,5,2,4,dominated,S_PCVT×W120
r2_s_pcvt_w120_qv30_primary__d3__g0,r2_s_pcvt_w120_qv30_primary,3,0,completed,800,2177,580,,S_PCVT,120,primary,"{""qualified_event_count"":580.0,""retained_confirmed_day_ratio"":0.5343996494303243,""bridged_day_ratio"":0.0,""merge_ratio"":0.0,""open_event_ratio"":0.0,""duration_q95_ratio"":1.6,""component_qualification_rate"":0.26666666666666666,""qualification_delay_observations_q90"":2.0,""atomic_fragment_rate"":0.49104271933853927,""confirmed_density"":1.0,""mega_zone_concentration"":0.031160311603116032,""max_single_gap"":0.0}",passed,5,2,3,non_dominated,S_PCVT×W120
r2_s_pcvt_w120_qv30_primary__d3__g1,r2_s_pcvt_w120_qv30_primary,3,1,completed,800,2177,573,,S_PCVT,120,primary,"{""qualified_event_count"":573.0,""retained_confirmed_day_ratio"":0.5343996494303243,""bridged_day_ratio"":0.002845528455284553,""merge_ratio"":0.012216404886561954,""open_event_ratio"":0.0,""duration_q95_ratio"":1.8,""component_qualification_rate"":0.26666666666666666,""qualification_delay_observations_q90"":2.0,""atomic_fragment_rate"":0.49104271933853927,""confirmed_density"":0.9914634146341463,""mega_zone_concentration"":0.032520325203252036,""max_single_gap"":1.0}",passed,5,2,4,dominated,S_PCVT×W120
r2_s_pcvt_w120_qv30_primary__d3__g2,r2_s_pcvt_w120_qv30_primary,3,2,completed,800,2177,570,,S_PCVT,120,primary,"{""qualified_event_count"":570.0,""retained_confirmed_day_ratio"":0.5343996494303243,""bridged_day_ratio"":0.005254648342764754,""merge_ratio"":0.017543859649122806,""open_event_ratio"":0.0,""duration_q95_ratio"":1.8,""component_qualification_rate"":0.26666666666666666,""qualification_delay_observations_q90"":2.0,""atomic_fragment_rate"":0.49104271933853927,""confirmed_density"":0.9858528698464026,""mega_zone_concentration"":0.03597413096200485,""max_single_gap"":2.0}",passed,5,2,5,dominated,S_PCVT×W120
r2_s_pcvt_w250_q20_shared__d1__g0,r2_s_pcvt_w250_q20_shared,1,0,completed,800,1023,1023,,S_PCVT,250,strict_core_reference,"{""qualified_event_count"":1023.0,""retained_confirmed_day_ratio"":1.0,""bridged_day_ratio"":0.0,""merge_ratio"":0.0,""open_event_ratio"":0.0,""duration_q95_ratio"":1.0,""component_qualification_rate"":1.0,""qualification_delay_observations_q90"":0.0,""atomic_fragment_rate"":0.47996089931573804,""confirmed_density"":1.0,""mega_zone_concentration"":0.04715219421101774,""max_single_gap"":0.0}",passed,0,1,1,non_dominated,S_PCVT×W250
r2_s_pcvt_w250_q20_shared__d1__g1,r2_s_pcvt_w250_q20_shared,1,1,completed,800,1023,1002,,S_PCVT,250,strict_core_reference,"{""qualified_event_count"":1002.0,""retained_confirmed_day_ratio"":1.0,""bridged_day_ratio"":0.009523809523809525,""merge_ratio"":0.01996007984031936,""open_event_ratio"":0.0,""duration_q95_ratio"":1.2,""component_qualification_rate"":1.0,""qualification_delay_observations_q90"":0.0,""atomic_fragment_rate"":0.47996089931573804,""confirmed_density"":0.9714285714285714,""mega_zone_concentration"":0.04943310657596372,""max_single_gap"":1.0}",passed,0,1,2,dominated,S_PCVT×W250
r2_s_pcvt_w250_q20_shared__d1__g2,r2_s_pcvt_w250_q20_shared,1,2,completed,800,1023,984,,S_PCVT,250,strict_core_reference,"{""qualified_event_count"":984.0,""retained_confirmed_day_ratio"":1.0,""bridged_day_ratio"":0.025010969723562967,""merge_ratio"":0.037601626016260166,""open_event_ratio"":0.0,""duration_q95_ratio"":1.2,""component_qualification_rate"":1.0,""qualification_delay_observations_q90"":0.0,""atomic_fragment_rate"":0.47996089931573804,""confirmed_density"":0.9398859148749451,""mega_zone_concentration"":0.05265467310223782,""max_single_gap"":2.0}",passed,0,1,3,dominated,S_PCVT×W250
r2_s_pcvt_w250_q20_shared__d2__g0,r2_s_pcvt_w250_q20_shared,2,0,completed,800,1023,532,,S_PCVT,250,strict_core_reference,"{""qualified_event_count"":532.0,""retained_confirmed_day_ratio"":0.7707749766573296,""bridged_day_ratio"":0.0,""merge_ratio"":0.0,""open_event_ratio"":0.0,""duration_q95_ratio"":1.2,""component_qualification_rate"":0.520039100684262,""qualification_delay_observations_q90"":1.0,""atomic_fragment_rate"":0.47996089931573804,""confirmed_density"":1.0,""mega_zone_concentration"":0.03634161114476075,""max_single_gap"":0.0}",passed,0,1,2,non_dominated,S_PCVT×W250
r2_s_pcvt_w250_q20_shared__d2__g1,r2_s_pcvt_w250_q20_shared,2,1,completed,800,1023,525,,S_PCVT,250,strict_core_reference,"{""qualified_event_count"":525.0,""retained_confirmed_day_ratio"":0.7707749766573296,""bridged_day_ratio"":0.004186602870813397,""merge_ratio"":0.013333333333333334,""open_event_ratio"":0.0,""duration_q95_ratio"":1.4,""component_qualification_rate"":0.520039100684262,""qualification_delay_observations_q90"":1.0,""atomic_fragment_rate"":0.47996089931573804,""confirmed_density"":0.9874401913875598,""mega_zone_concentration"":0.03708133971291866,""max_single_gap"":1.0}",passed,0,1,3,dominated,S_PCVT×W250
r2_s_pcvt_w250_q20_shared__d2__g2,r2_s_pcvt_w250_q20_shared,2,2,completed,800,1023,519,,S_PCVT,250,strict_core_reference,"{""qualified_event_count"":519.0,""retained_confirmed_day_ratio"":0.7707749766573296,""bridged_day_ratio"":0.011202830188679245,""merge_ratio"":0.023121387283236993,""open_event_ratio"":0.0,""duration_q95_ratio"":1.4,""component_qualification_rate"":0.520039100684262,""qualification_delay_observations_q90"":1.0,""atomic_fragment_rate"":0.47996089931573804,""confirmed_density"":0.9734669811320755,""mega_zone_concentration"":0.045990566037735846,""max_single_gap"":2.0}",passed,0,1,4,dominated,S_PCVT×W250
r2_s_pcvt_w250_q20_shared__d3__g0,r2_s_pcvt_w250_q20_shared,3,0,completed,800,1023,275,,S_PCVT,250,strict_core_reference,"{""qualified_event_count"":275.0,""retained_confirmed_day_ratio"":0.530812324929972,""bridged_day_ratio"":0.0,""merge_ratio"":0.0,""open_event_ratio"":0.0,""duration_q95_ratio"":1.4,""component_qualification_rate"":0.26881720430107525,""qualification_delay_observations_q90"":2.0,""atomic_fragment_rate"":0.47996089931573804,""confirmed_density"":1.0,""mega_zone_concentration"":0.029023746701846966,""max_single_gap"":0.0}",passed,0,1,3,non_dominated,S_PCVT×W250
r2_s_pcvt_w250_q20_shared__d3__g1,r2_s_pcvt_w250_q20_shared,3,1,completed,800,1023,273,,S_PCVT,250,strict_core_reference,"{""qualified_event_count"":273.0,""retained_confirmed_day_ratio"":0.530812324929972,""bridged_day_ratio"":0.0017497812773403325,""merge_ratio"":0.007326007326007326,""open_event_ratio"":0.0,""duration_q95_ratio"":1.6,""component_qualification_rate"":0.26881720430107525,""qualification_delay_observations_q90"":2.0,""atomic_fragment_rate"":0.47996089931573804,""confirmed_density"":0.994750656167979,""mega_zone_concentration"":0.03062117235345582,""max_single_gap"":1.0}",passed,0,1,4,dominated,S_PCVT×W250
r2_s_pcvt_w250_q20_shared__d3__g2,r2_s_pcvt_w250_q20_shared,3,2,completed,800,1023,272,,S_PCVT,250,strict_core_reference,"{""qualified_event_count"":272.0,""retained_confirmed_day_ratio"":0.530812324929972,""bridged_day_ratio"":0.0034873583260680036,""merge_ratio"":0.011029411764705883,""open_event_ratio"":0.0,""duration_q95_ratio"":1.6,""component_qualification_rate"":0.26881720430107525,""qualification_delay_observations_q90"":2.0,""atomic_fragment_rate"":0.47996089931573804,""confirmed_density"":0.99128160418483,""mega_zone_concentration"":0.03051438535309503,""max_single_gap"":2.0}",passed,0,1,5,dominated,S_PCVT×W250
r2_s_pcvt_w250_qv30_primary__d1__g0,r2_s_pcvt_w250_qv30_primary,1,0,completed,800,1673,1673,,S_PCVT,250,primary,"{""qualified_event_count"":1673.0,""retained_confirmed_day_ratio"":1.0,""bridged_day_ratio"":0.0,""merge_ratio"":0.0,""open_event_ratio"":0.0,""duration_q95_ratio"":1.0,""component_qualification_rate"":1.0,""qualification_delay_observations_q90"":0.0,""atomic_fragment_rate"":0.4805738194859534,""confirmed_density"":1.0,""mega_zone_concentration"":0.04763231197771588,""max_single_gap"":0.0}",passed,5,2,1,non_dominated,S_PCVT×W250
r2_s_pcvt_w250_qv30_primary__d1__g1,r2_s_pcvt_w250_qv30_primary,1,1,completed,800,1673,1624,,S_PCVT,250,primary,"{""qualified_event_count"":1624.0,""retained_confirmed_day_ratio"":1.0,""bridged_day_ratio"":0.013112122023013113,""merge_ratio"":0.02894088669950739,""open_event_ratio"":0.0,""duration_q95_ratio"":1.2,""component_qualification_rate"":1.0,""qualification_delay_observations_q90"":0.0,""atomic_fragment_rate"":0.4805738194859534,""confirmed_density"":0.9606636339309607,""mega_zone_concentration"":0.05244848809205245,""max_single_gap"":1.0}",passed,5,2,2,dominated,S_PCVT×W250
r2_s_pcvt_w250_qv30_primary__d1__g2,r2_s_pcvt_w250_qv30_primary,1,2,completed,800,1673,1591,,S_PCVT,250,primary,"{""qualified_event_count"":1591.0,""retained_confirmed_day_ratio"":1.0,""bridged_day_ratio"":0.02968508002065049,""merge_ratio"":0.04902576995600252,""open_event_ratio"":0.0,""duration_q95_ratio"":1.4,""component_qualification_rate"":1.0,""qualification_delay_observations_q90"":0.0,""atomic_fragment_rate"":0.4805738194859534,""confirmed_density"":0.926690758905524,""mega_zone_concentration"":0.053691275167785234,""max_single_gap"":2.0}",passed,5,2,3,dominated,S_PCVT×W250
r2_s_pcvt_w250_qv30_primary__d2__g0,r2_s_pcvt_w250_qv30_primary,2,0,completed,800,1673,869,,S_PCVT,250,primary,"{""qualified_event_count"":869.0,""retained_confirmed_day_ratio"":0.7760445682451254,""bridged_day_ratio"":0.0,""merge_ratio"":0.0,""open_event_ratio"":0.0,""duration_q95_ratio"":1.4,""component_qualification_rate"":0.5194261805140467,""qualification_delay_observations_q90"":1.0,""atomic_fragment_rate"":0.4805738194859534,""confirmed_density"":1.0,""mega_zone_concentration"":0.03553481694185212,""max_single_gap"":0.0}",passed,5,2,2,non_dominated,S_PCVT×W250
r2_s_pcvt_w250_qv30_primary__d2__g1,r2_s_pcvt_w250_qv30_primary,2,1,completed,800,1673,851,,S_PCVT,250,primary,"{""qualified_event_count"":851.0,""retained_confirmed_day_ratio"":0.7760445682451254,""bridged_day_ratio"":0.006338028169014085,""merge_ratio"":0.021151586368977675,""open_event_ratio"":0.0,""duration_q95_ratio"":1.4,""component_qualification_rate"":0.5194261805140467,""qualification_delay_observations_q90"":1.0,""atomic_fragment_rate"":0.4805738194859534,""confirmed_density"":0.9809859154929578,""mega_zone_concentration"":0.03838028169014084,""max_single_gap"":1.0}",passed,5,2,3,dominated,S_PCVT×W250
r2_s_pcvt_w250_qv30_primary__d2__g2,r2_s_pcvt_w250_qv30_primary,2,2,completed,800,1673,840,,S_PCVT,250,primary,"{""qualified_event_count"":840.0,""retained_confirmed_day_ratio"":0.7760445682451254,""bridged_day_ratio"":0.013869625520110958,""merge_ratio"":0.03333333333333333,""open_event_ratio"":0.0,""duration_q95_ratio"":1.6,""component_qualification_rate"":0.5194261805140467,""qualification_delay_observations_q90"":1.0,""atomic_fragment_rate"":0.4805738194859534,""confirmed_density"":0.9660194174757282,""mega_zone_concentration"":0.04195561719833565,""max_single_gap"":2.0}",passed,5,2,4,dominated,S_PCVT×W250
r2_s_pcvt_w250_qv30_primary__d3__g0,r2_s_pcvt_w250_qv30_primary,3,0,completed,800,1673,464,,S_PCVT,250,primary,"{""qualified_event_count"":464.0,""retained_confirmed_day_ratio"":0.5504178272980501,""bridged_day_ratio"":0.0,""merge_ratio"":0.0,""open_event_ratio"":0.0,""duration_q95_ratio"":1.6,""component_qualification_rate"":0.27734608487746565,""qualification_delay_observations_q90"":2.0,""atomic_fragment_rate"":0.4805738194859534,""confirmed_density"":1.0,""mega_zone_concentration"":0.029352226720647773,""max_single_gap"":0.0}",passed,5,2,3,non_dominated,S_PCVT×W250
r2_s_pcvt_w250_qv30_primary__d3__g1,r2_s_pcvt_w250_qv30_primary,3,1,completed,800,1673,458,,S_PCVT,250,primary,"{""qualified_event_count"":458.0,""retained_confirmed_day_ratio"":0.5504178272980501,""bridged_day_ratio"":0.003009027081243731,""merge_ratio"":0.013100436681222707,""open_event_ratio"":0.0,""duration_q95_ratio"":1.6,""component_qualification_rate"":0.27734608487746565,""qualification_delay_observations_q90"":2.0,""atomic_fragment_rate"":0.4805738194859534,""confirmed_density"":0.9909729187562688,""mega_zone_concentration"":0.03259779338014042,""max_single_gap"":1.0}",passed,5,2,4,dominated,S_PCVT×W250
r2_s_pcvt_w250_qv30_primary__d3__g2,r2_s_pcvt_w250_qv30_primary,3,2,completed,800,1673,456,,S_PCVT,250,primary,"{""qualified_event_count"":456.0,""retained_confirmed_day_ratio"":0.5504178272980501,""bridged_day_ratio"":0.004995004995004995,""merge_ratio"":0.017543859649122806,""open_event_ratio"":0.0,""duration_q95_ratio"":1.8,""component_qualification_rate"":0.27734608487746565,""qualification_delay_observations_q90"":2.0,""atomic_fragment_rate"":0.4805738194859534,""confirmed_density"":0.987012987012987,""mega_zone_concentration"":0.032467532467532464,""max_single_gap"":2.0}",passed,5,2,5,dominated,S_PCVT×W250
